﻿<?xml version="1.0"?>
<doc>
<assembly>
<name>
projectM
</name>
</assembly>
<members>
<member name="T:projectM.My.Resources.Resources">
<summary>
  A strongly-typed resource class, for looking up localized strings, etc.
</summary>
</member>
<member name="P:projectM.My.Resources.Resources.ResourceManager">
<summary>
  Returns the cached ResourceManager instance used by this class.
</summary>
</member>
<member name="P:projectM.My.Resources.Resources.Culture">
<summary>
  Overrides the current thread's CurrentUICulture property for all
  resource lookups using this strongly typed resource class.
</summary>
</member>
<member name="P:projectM.My.Resources.Resources.Pink_and_Brown_Illustrative_Happy_Birthday_A4_Document">
<summary>
  Looks up a localized resource of type System.Drawing.Bitmap.
</summary>
</member>
<member name="P:projectM.My.Resources.Resources.Untitled_design">
<summary>
  Looks up a localized resource of type System.Drawing.Bitmap.
</summary>
</member>
<member name="P:projectM.My.Resources.Resources.Untitled_design__1_">
<summary>
  Looks up a localized resource of type System.Drawing.Bitmap.
</summary>
</member>
<member name="P:projectM.My.Resources.Resources.Untitled_design__2_">
<summary>
  Looks up a localized resource of type System.Drawing.Bitmap.
</summary>
</member>
</members>
</doc>
